Anders Tao <anders@diversblog.dk>
Cenk Altı <cenkalti@gmail.com>
Julien LE JEUNE <mail.julien.le.jeune@gmail.com>
Lauri Myllari <lauri.myllari@gmail.com>
Marlin Forbes <marlinf@datashaman.com>
datashaman <marlinf@datashaman.com>
moopless <moopless@users.noreply.github.com>
